TradDt,TckrSymb,XpryDt,ClsPric,PrvsClsgPric,NewBrdLotQty,FinInstrmTp,FinInstrmId
2026-10-01,ABCAPITAL,2026-12-29,379.35,387.15,3100,STF,58880
2026-10-01,ABCAPITAL,2026-11-23,377.65,385.15,3100,STF,61476
2026-10-01,ABCAPITAL,2026-10-27,375.55,383.00,3100,STF,48708
2026-10-01,ADANIENSOL,2026-11-23,1343.10,1330.10,675,STF,61477
2026-10-01,ADANIENSOL,2026-12-29,1356.00,1339.70,675,STF,58881
2026-10-01,ADANIENSOL,2026-10-27,1339.30,1324.30,675,STF,48710
2026-10-01,GODFRYPHLP,2026-10-27,1855.40,1910.70,275,STF,48852
2026-10-01,GODFRYPHLP,2026-12-29,1852.40,1900.00,275,STF,58970
2026-10-01,GODFRYPHLP,2026-11-23,1854.90,1901.00,275,STF,61572
2026-10-01,INDHOTEL,2026-11-23,724.70,739.05,1000,STF,61601
2026-10-01,INDHOTEL,2026-12-29,729.00,742.70,1000,STF,58994
2026-10-01,INDHOTEL,2026-10-27,721.45,734.55,1000,STF,48880
2026-10-01,INDIANB,2026-12-29,801.00,820.00,1000,STF,58997
2026-10-01,INDIANB,2026-10-27,798.90,809.85,1000,STF,48881
2026-10-01,INDIANB,2026-11-23,802.65,813.60,1000,STF,61602
2026-10-01,INOXWIND,2026-10-27,69.12,70.08,6400,STF,48892
2026-10-01,INOXWIND,2026-12-29,69.50,71.03,6400,STF,59002
2026-10-01,INOXWIND,2026-11-23,69.54,70.30,6400,STF,61611
2026-10-01,JINDALSTEL,2026-12-29,1111.00,1150.00,625,STF,59006
2026-10-01,JINDALSTEL,2026-10-27,1101.30,1137.20,625,STF,48897
2026-10-01,JINDALSTEL,2026-11-23,1106.80,1142.60,625,STF,61616
2026-10-01,MPHASIS,2026-11-23,2275.80,2180.80,275,STF,61653
2026-10-01,MPHASIS,2026-10-27,2265.20,2171.60,275,STF,48941
2026-10-01,MPHASIS,2026-12-29,2208.50,2208.50,275,STF,59043
2026-10-01,NESTLEIND,2026-11-23,1322.80,1317.60,500,STF,61661
2026-10-01,NESTLEIND,2026-12-29,1322.50,1340.00,500,STF,59050
2026-10-01,NESTLEIND,2026-10-27,1314.10,1318.20,500,STF,48947
2026-10-01,NTPC,2026-10-27,317.00,321.20,1500,STF,48954
2026-10-01,NTPC,2026-11-23,316.65,320.95,1500,STF,61664
2026-10-01,NTPC,2026-12-29,318.60,322.20,1500,STF,59055
2026-10-01,PRESTIGE,2026-11-23,1485.70,1488.10,450,STF,61693
2026-10-01,PRESTIGE,2026-10-27,1493.50,1482.20,450,STF,48983
2026-10-01,PRESTIGE,2026-12-29,1486.00,1483.00,450,STF,59093
2026-10-01,RBLBANK,2026-11-23,414.10,410.30,3175,STF,61695
2026-10-01,RBLBANK,2026-12-29,416.60,408.00,3175,STF,59095
2026-10-01,RBLBANK,2026-10-27,413.60,407.95,3175,STF,48985
2026-10-01,SHREECEM,2026-11-23,21710.00,21975.00,25,STF,61707
2026-10-01,SHREECEM,2026-10-27,21835.00,22140.00,25,STF,48995
2026-10-01,SHREECEM,2026-12-29,21330.00,22230.00,25,STF,59110
2026-10-01,TATAELXSI,2026-11-23,3097.80,3084.50,125,STF,61721
2026-10-01,TATAELXSI,2026-12-29,3101.60,3083.20,125,STF,59125
2026-10-01,TATAELXSI,2026-10-27,3103.60,3089.30,125,STF,49010
2026-10-01,TATASTEEL,2026-11-23,179.87,187.31,2750,STF,61723
2026-10-01,TATASTEEL,2026-12-29,181.03,188.30,2750,STF,59131
2026-10-01,TATASTEEL,2026-10-27,178.98,186.07,2750,STF,49012
2026-10-01,TCS,2026-10-27,2076.40,2055.20,225,STF,49013
2026-10-01,TCS,2026-11-23,2087.50,2065.20,225,STF,61724
2026-10-01,TCS,2026-12-29,2096.40,2073.60,225,STF,59132
2026-10-01,ADANIPOWER,2026-10-27,197.77,204.10,3550,STF,48720
2026-10-01,ADANIPOWER,2026-11-23,198.83,204.99,3550,STF,61481
2026-10-01,ADANIPOWER,2026-12-29,200.56,206.58,3550,STF,58885
2026-10-01,AMBUJACEM,2026-10-27,363.80,374.75,1200,STF,48725
2026-10-01,AMBUJACEM,2026-11-23,365.30,376.30,1200,STF,61484
2026-10-01,AMBUJACEM,2026-12-29,367.75,378.00,1200,STF,58888
2026-10-01,APLAPOLLO,2026-12-29,2159.60,2226.50,350,STF,58893
2026-10-01,APLAPOLLO,2026-11-23,2141.50,2213.00,350,STF,61486
2026-10-01,APLAPOLLO,2026-10-27,2128.90,2204.40,350,STF,48727
2026-10-01,ATHERENERG,2026-10-27,1401.30,1431.30,375,STF,61496
2026-10-01,ATHERENERG,2026-12-29,1395.00,1440.00,375,STF,58906
2026-10-01,ATHERENERG,2026-11-23,1396.50,1428.40,375,STF,61497
2026-10-01,AUROPHARMA,2026-10-27,1680.90,1676.90,550,STF,48735
2026-10-01,AUROPHARMA,2026-12-29,1682.00,1722.90,550,STF,58908
2026-10-01,AUROPHARMA,2026-11-23,1689.80,1687.20,550,STF,61503
2026-10-01,BAJAJHLDNG,2026-10-27,10668.00,10836.00,75,STF,48739
2026-10-01,BSE,2026-11-23,3073.30,3122.40,200,STF,61525
2026-10-01,BSE,2026-10-27,3058.50,3108.60,200,STF,48776
2026-10-01,BSE,2026-12-29,3092.80,3137.40,200,STF,58930
2026-10-01,CDSL,2026-12-29,1259.40,1283.80,475,STF,58933
2026-10-01,CDSL,2026-11-23,1255.60,1279.80,475,STF,61528
2026-10-01,CDSL,2026-10-27,1250.00,1274.20,475,STF,48779
2026-10-01,CONCOR,2026-11-23,445.00,451.15,1250,STF,61544
2026-10-01,CONCOR,2026-10-27,444.50,451.45,1250,STF,48808
2026-10-01,CONCOR,2026-12-29,446.70,454.80,1250,STF,58942
2026-10-01,EICHERMOT,2026-11-23,7000.00,7240.00,100,STF,61564
2026-10-01,EICHERMOT,2026-10-27,6967.50,7197.50,100,STF,48836
2026-10-01,EICHERMOT,2026-12-29,7056.00,7272.00,100,STF,58953
2026-10-01,INDIGO,2026-11-23,4965.50,5005.00,150,STF,61603
2026-10-01,INDIGO,2026-10-27,4946.20,4981.00,150,STF,48882
2026-10-01,INDIGO,2026-12-29,4986.60,5030.00,150,STF,58998
2026-10-01,JIOFIN,2026-10-27,212.70,216.88,2350,STF,48898
2026-10-01,JIOFIN,2026-12-29,215.14,219.34,2350,STF,59007
2026-10-01,JIOFIN,2026-11-23,213.83,218.00,2350,STF,61617
2026-10-01,KAYNES,2026-12-29,3276.90,3431.70,150,STF,59012
2026-10-01,KAYNES,2026-11-23,3299.80,3450.30,150,STF,61624
2026-10-01,KAYNES,2026-10-27,3355.30,3496.80,150,STF,48903
2026-10-01,KEI,2026-12-29,4520.00,4527.50,175,STF,59013
2026-10-01,KEI,2026-11-23,4496.20,4474.00,175,STF,61625
2026-10-01,KEI,2026-10-27,4509.80,4464.00,175,STF,48904
2026-10-01,MFSL,2026-10-27,1391.60,1374.10,400,STF,48938
2026-10-01,MFSL,2026-11-23,1396.10,1384.90,400,STF,61650
2026-10-01,MFSL,2026-12-29,1395.60,1391.00,400,STF,59040
2026-10-01,NYKAA,2026-10-27,324.90,322.40,3125,STF,48955
2026-10-01,NYKAA,2026-12-29,325.40,332.25,3125,STF,59056
2026-10-01,NYKAA,2026-11-23,326.55,323.40,3125,STF,61665
2026-10-01,PAGEIND,2026-11-23,36850.00,36700.00,20,STF,61672
2026-10-01,PAGEIND,2026-12-29,37065.00,37065.00,20,STF,59061
2026-10-01,PAGEIND,2026-10-27,36800.00,36690.00,20,STF,48962
2026-10-01,PERSISTENT,2026-11-23,5392.50,5262.00,125,STF,61675
2026-10-01,PERSISTENT,2026-10-27,5394.00,5258.50,125,STF,48965
2026-10-01,PERSISTENT,2026-12-29,5400.00,5267.50,125,STF,59078
2026-10-01,PNBHOUSING,2026-10-27,1093.70,1126.80,650,STF,48975
2026-10-01,PNBHOUSING,2026-12-29,1102.10,1140.00,650,STF,59087
2026-10-01,PNBHOUSING,2026-11-23,1100.20,1133.00,650,STF,61683
2026-10-01,SBILIFE,2026-11-23,1735.80,1702.70,375,STF,61705
2026-10-01,SBILIFE,2026-10-27,1732.20,1696.30,375,STF,48993
2026-10-01,SBILIFE,2026-12-29,1733.30,1720.80,375,STF,59108
2026-10-01,TIINDIA,2026-11-23,2370.60,2409.30,200,STF,61728
2026-10-01,TIINDIA,2026-10-27,2355.10,2400.50,200,STF,49015
2026-10-01,TIINDIA,2026-12-29,2380.00,2421.00,200,STF,59134
2026-10-01,TITAN,2026-11-23,4568.40,4651.00,175,STF,61729
2026-10-01,TITAN,2026-12-29,4599.80,4677.00,175,STF,59135
2026-10-01,TITAN,2026-10-27,4547.60,4627.50,175,STF,49018
2026-10-01,TRENT,2026-10-27,2592.70,2642.60,225,STF,49021
2026-10-01,TRENT,2026-12-29,2600.00,2666.50,225,STF,59138
2026-10-01,TRENT,2026-11-23,2603.20,2650.90,225,STF,61732
2026-10-01,UNIONBANK,2026-12-29,169.27,173.71,4425,STF,59145
2026-10-01,UNIONBANK,2026-11-23,168.64,172.87,4425,STF,61737
2026-10-01,UNIONBANK,2026-10-27,167.70,171.91,4425,STF,49024
2026-10-01,YESBANK,2026-12-29,21.11,21.35,31100,STF,59155
2026-10-01,YESBANK,2026-11-23,20.97,21.20,31100,STF,61750
2026-10-01,YESBANK,2026-10-27,20.84,21.10,31100,STF,49036
2026-10-01,ABB,2026-11-23,6934.00,6862.00,125,STF,61475
2026-10-01,ABB,2026-10-27,6908.50,6832.00,125,STF,48707
2026-10-01,ABB,2026-12-29,6934.50,6898.00,125,STF,58879
2026-10-01,BDL,2026-11-23,1072.90,1093.80,425,STF,61511
2026-10-01,BDL,2026-10-27,1084.70,1107.00,425,STF,48751
2026-10-01,BDL,2026-12-29,1067.90,1089.40,425,STF,58920
2026-10-01,BEL,2026-12-29,387.90,393.10,1425,STF,58921
2026-10-01,BEL,2026-11-23,385.85,390.75,1425,STF,61512
2026-10-01,BEL,2026-10-27,383.75,388.75,1425,STF,48756
2026-10-01,BHEL,2026-10-27,423.50,415.50,2625,STF,48764
2026-10-01,BHEL,2026-11-23,425.55,417.90,2625,STF,61516
2026-10-01,BHEL,2026-12-29,427.80,418.20,2625,STF,58924
2026-10-01,CGPOWER,2026-10-27,882.75,861.10,850,STF,48780
2026-10-01,CGPOWER,2026-11-23,886.75,864.25,850,STF,61537
2026-10-01,CGPOWER,2026-12-29,887.30,873.00,850,STF,58934
2026-10-01,GMRAIRPORT,2026-10-27,93.21,95.33,6975,STF,48849
2026-10-01,GMRAIRPORT,2026-12-29,94.10,96.63,6975,STF,58969
2026-10-01,GMRAIRPORT,2026-11-23,93.66,95.86,6975,STF,61571
2026-10-01,HAL,2026-11-23,4655.90,4729.20,150,STF,61578
2026-10-01,HAL,2026-10-27,4629.80,4704.00,150,STF,48857
2026-10-01,HAL,2026-12-29,4671.20,4751.00,150,STF,58975
2026-10-01,HCLTECH,2026-12-29,1245.00,1234.70,400,STF,58977
2026-10-01,HCLTECH,2026-11-23,1246.60,1230.90,400,STF,61580
2026-10-01,HCLTECH,2026-10-27,1242.60,1224.60,400,STF,48860
2026-10-01,JUBLFOOD,2026-11-23,437.05,450.95,1250,STF,61620
2026-10-01,JUBLFOOD,2026-12-29,433.50,448.00,1250,STF,59010
2026-10-01,JUBLFOOD,2026-10-27,440.75,453.60,1250,STF,48901
2026-10-01,OBEROIRLTY,2026-10-27,1764.60,1781.40,350,STF,48958
2026-10-01,OBEROIRLTY,2026-12-29,1776.40,1789.10,350,STF,59057
2026-10-01,OBEROIRLTY,2026-11-23,1771.00,1787.10,350,STF,61666
2026-10-01,ONGC,2026-12-29,226.17,228.31,2250,STF,59060
2026-10-01,ONGC,2026-10-27,223.78,225.49,2250,STF,48961
2026-10-01,ONGC,2026-11-23,224.74,226.66,2250,STF,61669
2026-10-01,PNB,2026-11-23,111.08,114.41,8000,STF,61682
2026-10-01,PNB,2026-12-29,111.60,115.00,8000,STF,59086
2026-10-01,PNB,2026-10-27,110.43,113.77,8000,STF,48974
2026-10-01,POWERGRID,2026-12-29,254.30,260.10,1900,STF,59090
2026-10-01,POWERGRID,2026-11-23,253.40,257.60,1900,STF,61690
2026-10-01,POWERGRID,2026-10-27,256.35,259.65,1900,STF,48980
2026-10-01,SAGILITY,2026-11-23,43.64,43.40,12000,STF,61701
2026-10-01,SAGILITY,2026-12-29,43.65,43.17,12000,STF,59099
2026-10-01,SAGILITY,2026-10-27,43.35,43.06,12000,STF,61700
2026-10-01,SONACOMS,2026-12-29,798.95,827.80,1225,STF,59114
2026-10-01,SONACOMS,2026-11-23,796.20,829.90,1225,STF,61711
2026-10-01,SONACOMS,2026-10-27,800.10,832.40,1225,STF,49001
2026-10-01,AXISBANK,2026-11-23,1232.80,1234.20,625,STF,61504
2026-10-01,AXISBANK,2026-12-29,1239.10,1242.40,625,STF,58909
2026-10-01,AXISBANK,2026-10-27,1225.80,1227.80,625,STF,48736
2026-10-01,COCHINSHIP,2026-10-27,1281.50,1308.90,400,STF,48798
2026-10-01,COCHINSHIP,2026-12-29,1269.70,1299.60,400,STF,58938
2026-10-01,COCHINSHIP,2026-11-23,1274.40,1301.80,400,STF,61541
2026-10-01,ETERNAL,2026-10-27,314.15,319.65,2425,STF,48838
2026-10-01,ETERNAL,2026-12-29,317.30,322.40,2425,STF,58959
2026-10-01,ETERNAL,2026-11-23,315.65,321.10,2425,STF,61565
2026-10-01,GVT&D,2026-10-27,4274.30,4242.50,125,STF,48856
2026-10-01,GVT&D,2026-11-23,4275.20,4265.70,125,STF,61576
2026-10-01,GVT&D,2026-12-29,4320.00,4317.60,125,STF,58974
2026-10-01,HINDPETRO,2026-12-29,348.40,354.40,2025,STF,58983
2026-10-01,HINDPETRO,2026-11-23,348.00,354.50,2025,STF,61590
2026-10-01,HINDPETRO,2026-10-27,347.40,353.45,2025,STF,48868
2026-10-01,IDFCFIRSTB,2026-10-27,80.92,81.59,9275,STF,48878
2026-10-01,IDFCFIRSTB,2026-12-29,81.00,82.34,9275,STF,58993
2026-10-01,IDFCFIRSTB,2026-11-23,81.29,81.98,9275,STF,61599
2026-10-01,LODHA,2026-11-23,1110.50,1124.70,625,STF,61632
2026-10-01,LODHA,2026-10-27,1113.20,1130.40,625,STF,48917
2026-10-01,LODHA,2026-12-29,1107.50,1123.10,625,STF,59022
2026-10-01,TVSMOTOR,2026-10-27,4031.60,4143.50,175,STF,49022
2026-10-01,TVSMOTOR,2026-11-23,4054.90,4165.60,175,STF,61735
2026-10-01,TVSMOTOR,2026-12-29,4053.80,4192.60,175,STF,59139
2026-10-01,BAJAJ-AUTO,2026-10-27,10072.00,10919.00,75,STF,48737
2026-10-01,BAJAJ-AUTO,2026-12-29,10166.00,11030.00,75,STF,58910
2026-10-01,BAJAJ-AUTO,2026-11-23,10128.00,10981.00,75,STF,61505
2026-10-01,BOSCHLTD,2026-12-29,45360.00,46380.00,25,STF,58927
2026-10-01,BOSCHLTD,2026-10-27,45455.00,47370.00,25,STF,48773
2026-10-01,BOSCHLTD,2026-11-23,45635.00,47480.00,25,STF,61522
2026-10-01,CIPLA,2026-10-27,1352.00,1357.20,425,STF,48796
2026-10-01,CIPLA,2026-11-23,1355.00,1364.40,425,STF,61539
2026-10-01,CIPLA,2026-12-29,1365.00,1374.20,425,STF,58936
2026-10-01,DLF,2026-12-29,664.80,673.00,950,STF,58950
2026-10-01,DLF,2026-11-23,663.20,670.20,950,STF,61561
2026-10-01,DLF,2026-10-27,662.35,668.80,950,STF,48833
2026-10-01,DRREDDY,2026-11-23,1209.00,1226.00,625,STF,61563
2026-10-01,DRREDDY,2026-12-29,1205.00,1225.00,625,STF,58952
2026-10-01,DRREDDY,2026-10-27,1210.70,1227.20,625,STF,48835
2026-10-01,GODREJPROP,2026-10-27,1607.00,1642.80,325,STF,48854
2026-10-01,GODREJPROP,2026-11-23,1615.00,1651.80,325,STF,61574
2026-10-01,GODREJPROP,2026-12-29,1627.60,1664.80,325,STF,58972
2026-10-01,KOTAKBANK,2026-11-23,423.85,419.00,2000,STF,61627
2026-10-01,KOTAKBANK,2026-10-27,421.65,416.90,2000,STF,48906
2026-10-01,KOTAKBANK,2026-12-29,426.95,421.25,2000,STF,59015
2026-10-01,M&M,2026-12-29,2890.70,2984.40,200,STF,59030
2026-10-01,M&M,2026-11-23,2874.30,2968.60,200,STF,61637
2026-10-01,M&M,2026-10-27,2858.60,2951.50,200,STF,48924
2026-10-01,NATIONALUM,2026-11-23,334.75,343.95,1875,STF,61656
2026-10-01,NATIONALUM,2026-12-29,335.90,349.75,1875,STF,59047
2026-10-01,NATIONALUM,2026-10-27,334.25,344.00,1875,STF,48944
2026-10-01,NHPC,2026-10-27,72.22,73.42,6950,STF,48950
2026-10-01,NHPC,2026-12-29,72.15,73.50,6950,STF,59051
2026-10-01,NHPC,2026-11-23,72.07,73.33,6950,STF,61662
2026-10-01,PAYTM,2026-11-23,1672.00,1691.70,725,STF,61674
2026-10-01,PAYTM,2026-12-29,1675.00,1703.00,725,STF,59077
2026-10-01,PAYTM,2026-10-27,1663.20,1683.70,725,STF,48964
2026-10-01,PGEL,2026-10-27,482.05,499.20,950,STF,48970
2026-10-01,PGEL,2026-12-29,487.60,503.00,950,STF,59081
2026-10-01,PGEL,2026-11-23,485.25,501.75,950,STF,61678
2026-10-01,TECHM,2026-12-29,1519.90,1542.30,600,STF,59133
2026-10-01,TECHM,2026-11-23,1534.50,1533.40,600,STF,61725
2026-10-01,TECHM,2026-10-27,1533.70,1531.00,600,STF,49014
2026-10-01,ULTRACEMCO,2026-11-23,10801.00,11033.00,50,STF,61736
2026-10-01,ULTRACEMCO,2026-12-29,10799.00,10990.00,50,STF,59144
2026-10-01,ULTRACEMCO,2026-10-27,10779.00,10962.00,50,STF,49023
2026-10-01,BANKINDIA,2026-11-23,130.25,131.47,5200,STF,61510
2026-10-01,BANKINDIA,2026-12-29,130.13,134.19,5200,STF,58919
2026-10-01,BANKINDIA,2026-10-27,129.70,131.18,5200,STF,48745
2026-10-01,BIOCON,2026-11-23,375.30,375.95,2500,STF,61520
2026-10-01,BIOCON,2026-12-29,376.50,380.35,2500,STF,58925
2026-10-01,BIOCON,2026-10-27,373.10,374.15,2500,STF,48771
2026-10-01,COALINDIA,2026-11-23,425.80,428.45,1350,STF,61540
2026-10-01,COALINDIA,2026-10-27,423.65,426.10,1350,STF,48797
2026-10-01,COALINDIA,2026-12-29,427.65,430.40,1350,STF,58937
2026-10-01,COLPAL,2026-10-27,1746.10,1780.00,275,STF,48804
2026-10-01,COLPAL,2026-11-23,1732.70,1769.10,275,STF,61543
2026-10-01,COLPAL,2026-12-29,1742.00,1777.70,275,STF,58941
2026-10-01,FEDERALBNK,2026-10-27,320.40,320.30,2500,STF,48839
2026-10-01,FEDERALBNK,2026-12-29,323.10,324.05,2500,STF,58960
2026-10-01,FEDERALBNK,2026-11-23,322.15,322.10,2500,STF,61566
2026-10-01,FORCEMOT,2026-11-23,16696.00,17133.00,25,STF,61567
2026-10-01,FORCEMOT,2026-10-27,16723.00,17128.00,25,STF,48843
2026-10-01,FORCEMOT,2026-12-29,16726.00,17183.00,25,STF,58961
2026-10-01,GODREJCP,2026-10-27,845.85,851.65,500,STF,48853
2026-10-01,GODREJCP,2026-12-29,852.05,863.60,500,STF,58971
2026-10-01,GODREJCP,2026-11-23,846.45,851.35,500,STF,61573
2026-10-01,KPITTECH,2026-11-23,497.30,502.35,775,STF,61628
2026-10-01,KPITTECH,2026-12-29,498.40,504.80,775,STF,59016
2026-10-01,KPITTECH,2026-10-27,494.90,500.25,775,STF,48907
2026-10-01,LT,2026-11-23,3733.00,3776.80,175,STF,61633
2026-10-01,LT,2026-10-27,3714.50,3763.20,175,STF,48920
2026-10-01,LT,2026-12-29,3758.60,3806.60,175,STF,59024
2026-10-01,NMDC,2026-11-23,74.49,76.98,6750,STF,61663
2026-10-01,NMDC,2026-10-27,74.14,76.47,6750,STF,48951
2026-10-01,NMDC,2026-12-29,74.81,77.40,6750,STF,59052
2026-10-01,OIL,2026-12-29,445.45,450.50,1400,STF,59059
2026-10-01,OIL,2026-11-23,442.65,449.20,1400,STF,61668
2026-10-01,OIL,2026-10-27,443.60,449.65,1400,STF,48960
2026-10-01,PHOENIXLTD,2026-12-29,1981.00,1981.00,350,STF,59082
2026-10-01,PHOENIXLTD,2026-10-27,1943.70,1951.70,350,STF,48971
2026-10-01,PHOENIXLTD,2026-11-23,1953.00,1962.20,350,STF,61679
2026-10-01,PIIND,2026-12-29,2225.40,2272.00,175,STF,59084
2026-10-01,PIIND,2026-10-27,2245.30,2288.70,175,STF,48973
2026-10-01,PIIND,2026-11-23,2228.60,2272.20,175,STF,61681
2026-10-01,TATACONSUM,2026-12-29,961.60,974.30,550,STF,59124
2026-10-01,TATACONSUM,2026-10-27,956.80,957.60,550,STF,49009
2026-10-01,TATACONSUM,2026-11-23,962.25,963.10,550,STF,61718
2026-10-01,WIPRO,2026-12-29,159.41,158.19,3000,STF,59154
2026-10-01,WIPRO,2026-11-23,159.65,158.39,3000,STF,61746
2026-10-01,WIPRO,2026-10-27,160.26,158.93,3000,STF,49033
2026-10-01,BHARATFORG,2026-10-27,1872.20,1930.80,500,STF,48757
2026-10-01,BHARATFORG,2026-12-29,1880.00,1949.60,500,STF,58922
2026-10-01,BHARATFORG,2026-11-23,1883.10,1937.80,500,STF,61513
2026-10-01,CROMPTON,2026-11-23,204.77,211.01,2150,STF,61545
2026-10-01,CROMPTON,2026-12-29,204.35,214.10,2150,STF,58944
2026-10-01,CROMPTON,2026-10-27,203.68,210.53,2150,STF,48815
2026-10-01,INDUSTOWER,2026-11-23,377.30,375.45,1700,STF,61607
2026-10-01,INDUSTOWER,2026-12-29,383.95,373.05,1700,STF,59000
2026-10-01,INDUSTOWER,2026-10-27,376.10,374.25,1700,STF,48884
2026-10-01,NAM-INDIA,2026-12-29,1036.80,1083.90,625,STF,59046
2026-10-01,NAM-INDIA,2026-10-27,1048.00,1073.50,625,STF,48943
2026-10-01,NAM-INDIA,2026-11-23,1038.10,1064.10,625,STF,61655
2026-10-01,PATANJALI,2026-10-27,354.40,364.65,1075,STF,48963
2026-10-01,PATANJALI,2026-12-29,357.30,370.10,1075,STF,59074
2026-10-01,PATANJALI,2026-11-23,356.30,366.25,1075,STF,61673
2026-10-01,POWERINDIA,2026-11-23,31525.00,30870.00,25,STF,61691
2026-10-01,POWERINDIA,2026-12-29,31190.00,30830.00,25,STF,59091
2026-10-01,POWERINDIA,2026-10-27,31395.00,30630.00,25,STF,48981
2026-10-01,SOLARINDS,2026-10-27,19389.00,19625.00,50,STF,49000
2026-10-01,SOLARINDS,2026-11-23,19429.00,19725.00,50,STF,61710
2026-10-01,SOLARINDS,2026-12-29,19458.00,19800.00,50,STF,59113
2026-10-01,TATAPOWER,2026-12-29,356.55,364.65,1450,STF,59126
2026-10-01,TATAPOWER,2026-10-27,352.45,360.05,1450,STF,49011
2026-10-01,TATAPOWER,2026-11-23,354.35,362.30,1450,STF,61722
2026-10-01,VOLTAS,2026-11-23,1060.10,1080.80,375,STF,61744
2026-10-01,VOLTAS,2026-12-29,1066.50,1085.40,375,STF,59152
2026-10-01,VOLTAS,2026-10-27,1055.70,1076.30,375,STF,49031
2026-10-01,APOLLOHOSP,2026-11-23,8171.50,8159.00,125,STF,61487
2026-10-01,APOLLOHOSP,2026-12-29,8157.00,8212.00,125,STF,58894
2026-10-01,APOLLOHOSP,2026-10-27,8116.00,8128.00,125,STF,48730
2026-10-01,DELHIVERY,2026-10-27,400.95,409.15,2075,STF,48830
2026-10-01,DELHIVERY,2026-12-29,404.90,415.80,2075,STF,58947
2026-10-01,DELHIVERY,2026-11-23,403.80,410.95,2075,STF,61556
2026-10-01,DIXON,2026-12-29,12492.00,12930.00,50,STF,58949
2026-10-01,DIXON,2026-10-27,12757.00,13127.00,50,STF,48832
2026-10-01,DIXON,2026-11-23,12590.00,12974.00,50,STF,61560
2026-10-01,FORTIS,2026-11-23,787.40,766.95,775,STF,61568
2026-10-01,FORTIS,2026-10-27,786.20,764.70,775,STF,48845
2026-10-01,FORTIS,2026-12-29,789.30,769.60,775,STF,58962
2026-10-01,GLENMARK,2026-12-29,2415.20,2415.20,375,STF,58965
2026-10-01,GLENMARK,2026-10-27,2337.10,2359.40,375,STF,48848
2026-10-01,GLENMARK,2026-11-23,2344.60,2368.60,375,STF,61570
2026-10-01,HINDUNILVR,2026-12-29,1850.00,1880.00,300,STF,58984
2026-10-01,HINDUNILVR,2026-10-27,1847.50,1880.00,300,STF,48869
2026-10-01,HINDUNILVR,2026-11-23,1837.80,1871.10,300,STF,61591
2026-10-01,ICICIPRULI,2026-11-23,444.00,443.35,925,STF,61597
2026-10-01,ICICIPRULI,2026-12-29,443.00,445.00,925,STF,58991
2026-10-01,ICICIPRULI,2026-10-27,447.60,443.45,925,STF,48876
2026-10-01,IDEA,2026-10-27,12.70,12.98,71475,STF,48877
2026-10-01,IDEA,2026-11-23,12.77,13.05,71475,STF,61598
2026-10-01,IDEA,2026-12-29,12.83,13.13,71475,STF,58992
2026-10-01,NBCC,2026-11-23,78.15,79.53,6500,STF,61658
2026-10-01,NBCC,2026-12-29,78.47,80.00,6500,STF,59049
2026-10-01,NBCC,2026-10-27,77.84,79.14,6500,STF,48946
2026-10-01,POLYCAB,2026-10-27,8047.50,8094.50,125,STF,48979
2026-10-01,POLYCAB,2026-12-29,8087.00,8174.00,125,STF,59089
2026-10-01,POLYCAB,2026-11-23,8091.50,8118.50,125,STF,61689
2026-10-01,ALKEM,2026-10-27,5226.50,5171.50,125,STF,48722
2026-10-01,ALKEM,2026-12-29,5259.50,5246.00,125,STF,58886
2026-10-01,ALKEM,2026-11-23,5272.50,5199.00,125,STF,61482
2026-10-01,ASHOKLEY,2026-10-27,151.72,155.46,5000,STF,48731
2026-10-01,ASHOKLEY,2026-12-29,152.47,156.29,5000,STF,58895
2026-10-01,ASHOKLEY,2026-11-23,151.85,155.78,5000,STF,61488
2026-10-01,ASTRAL,2026-11-23,1347.80,1376.80,425,STF,61490
2026-10-01,ASTRAL,2026-10-27,1343.40,1371.90,425,STF,48733
2026-10-01,ASTRAL,2026-12-29,1348.70,1386.00,425,STF,58897
2026-10-01,BANKBARODA,2026-11-23,233.65,233.86,2925,STF,61509
2026-10-01,BANKBARODA,2026-10-27,232.63,232.64,2925,STF,48742
2026-10-01,BANKBARODA,2026-12-29,235.02,235.07,2925,STF,58918
2026-10-01,BHARTIARTL,2026-12-29,1770.40,1786.40,475,STF,58923
2026-10-01,BHARTIARTL,2026-11-23,1758.50,1775.70,475,STF,61515
2026-10-01,BHARTIARTL,2026-10-27,1749.70,1766.60,475,STF,48758
2026-10-01,BPCL,2026-12-29,306.20,306.15,1975,STF,58928
2026-10-01,BPCL,2026-10-27,302.40,304.40,1975,STF,48774
2026-10-01,BPCL,2026-11-23,302.70,306.20,1975,STF,61523
2026-10-01,CHOLAFIN,2026-12-29,1594.00,1632.00,625,STF,58935
2026-10-01,CHOLAFIN,2026-10-27,1579.90,1621.10,625,STF,48781
2026-10-01,CHOLAFIN,2026-11-23,1589.80,1628.00,625,STF,61538
2026-10-01,CUMMINSIND,2026-11-23,4893.40,4837.00,200,STF,61546
2026-10-01,CUMMINSIND,2026-12-29,4890.00,4871.50,200,STF,58945
2026-10-01,CUMMINSIND,2026-10-27,4869.50,4798.00,200,STF,48816
2026-10-01,DIVISLAB,2026-11-23,9306.50,9386.00,100,STF,61558
2026-10-01,DIVISLAB,2026-12-29,9351.00,9418.50,100,STF,58948
2026-10-01,DIVISLAB,2026-10-27,9266.50,9336.00,100,STF,48831
2026-10-01,IEX,2026-10-27,106.35,107.44,4350,STF,48879
2026-10-01,IEX,2026-11-23,106.83,107.94,4350,STF,61600
2026-10-01,INDUSINDBK,2026-10-27,893.10,901.80,700,STF,48883
2026-10-01,INDUSINDBK,2026-11-23,897.75,906.40,700,STF,61606
2026-10-01,INDUSINDBK,2026-12-29,901.15,910.80,700,STF,58999
2026-10-01,JSWENERGY,2026-10-27,488.20,492.45,1075,STF,48899
2026-10-01,JSWENERGY,2026-11-23,489.40,496.65,1075,STF,61618
2026-10-01,JSWENERGY,2026-12-29,492.05,502.95,1075,STF,59008
2026-10-01,KALYANKJIL,2026-11-23,531.75,558.70,1350,STF,61621
2026-10-01,KALYANKJIL,2026-10-27,529.40,556.35,1350,STF,48902
2026-10-01,KALYANKJIL,2026-12-29,534.00,562.15,1350,STF,59011
2026-10-01,LAURUSLABS,2026-12-29,2007.00,2010.00,850,STF,59017
2026-10-01,LAURUSLABS,2026-11-23,1997.30,2005.60,850,STF,61629
2026-10-01,LAURUSLABS,2026-10-27,1987.80,1993.30,850,STF,48914
2026-10-01,LTF,2026-11-23,264.60,266.35,2250,STF,61634
2026-10-01,LTF,2026-10-27,265.15,266.95,2250,STF,48921
2026-10-01,LTF,2026-12-29,264.65,265.95,2250,STF,59025
2026-10-01,MANAPPURAM,2026-10-27,308.90,318.40,3000,STF,48925
2026-10-01,MANAPPURAM,2026-12-29,308.00,320.00,3000,STF,59032
2026-10-01,MANAPPURAM,2026-11-23,310.40,320.25,3000,STF,61641
2026-10-01,MARICO,2026-11-23,787.00,795.10,1200,STF,61643
2026-10-01,MARICO,2026-10-27,783.00,793.80,1200,STF,48927
2026-10-01,MARICO,2026-12-29,784.85,802.00,1200,STF,59035
2026-10-01,MOTHERSON,2026-12-29,160.04,165.40,6150,STF,59041
2026-10-01,MOTHERSON,2026-10-27,158.23,163.57,6150,STF,48939
2026-10-01,MOTHERSON,2026-11-23,158.94,164.57,6150,STF,61651
2026-10-01,MOTILALOFS,2026-11-23,1000.05,1006.10,775,STF,61652
2026-10-01,MOTILALOFS,2026-10-27,996.15,1003.90,775,STF,48940
2026-10-01,MOTILALOFS,2026-12-29,1000.00,1018.90,775,STF,59042
2026-10-01,RELIANCE,2026-11-23,1182.50,1197.70,500,STF,61697
2026-10-01,RELIANCE,2026-10-27,1175.80,1191.80,500,STF,48987
2026-10-01,RELIANCE,2026-12-29,1189.50,1204.40,500,STF,59097
2026-10-01,SRF,2026-11-23,2500.20,2492.20,200,STF,61712
2026-10-01,SRF,2026-12-29,2510.00,2530.00,200,STF,59115
2026-10-01,SRF,2026-10-27,2484.40,2483.00,200,STF,49002
2026-10-01,SWIGGY,2026-12-29,242.55,252.85,1825,STF,59123
2026-10-01,SWIGGY,2026-10-27,239.85,251.15,1825,STF,49008
2026-10-01,SWIGGY,2026-11-23,240.75,252.10,1825,STF,61716
2026-10-01,VMM,2026-12-29,100.36,101.19,4850,STF,59151
2026-10-01,VMM,2026-10-27,99.61,100.11,4850,STF,49030
2026-10-01,VMM,2026-11-23,99.91,100.58,4850,STF,61743
2026-10-01,ZYDUSLIFE,2026-10-27,1151.40,1165.10,900,STF,49037
2026-10-01,ZYDUSLIFE,2026-11-23,1156.50,1169.50,900,STF,61751
2026-10-01,ZYDUSLIFE,2026-12-29,1146.50,1177.00,900,STF,59156
2026-10-01,ADANIGREEN,2026-12-29,1291.40,1291.40,600,STF,58883
2026-10-01,ADANIGREEN,2026-11-23,1292.20,1280.30,600,STF,61479
2026-10-01,ADANIGREEN,2026-10-27,1287.40,1277.70,600,STF,48712
2026-10-01,ADANIPORTS,2026-11-23,1759.20,1796.40,475,STF,61480
2026-10-01,ADANIPORTS,2026-12-29,1771.00,1814.40,475,STF,58884
2026-10-01,ADANIPORTS,2026-10-27,1750.50,1788.70,475,STF,48718
2026-10-01,ANANDRATHI,2026-11-23,2113.20,2113.20,250,STF,58890
2026-10-01,ANANDRATHI,2026-10-27,2118.90,2114.90,250,STF,58889
2026-10-01,ANANDRATHI,2026-12-29,2131.80,2131.80,250,STF,58891
2026-10-01,BAJAJFINSV,2026-12-29,1750.70,1750.90,300,STF,58911
2026-10-01,BAJAJFINSV,2026-10-27,1731.00,1733.80,300,STF,48738
2026-10-01,BAJAJFINSV,2026-11-23,1739.00,1741.60,300,STF,61506
2026-10-01,BLUESTARCO,2026-11-23,1379.70,1442.30,325,STF,61521
2026-10-01,BLUESTARCO,2026-12-29,1365.00,1430.00,325,STF,58926
2026-10-01,BLUESTARCO,2026-10-27,1406.80,1469.50,325,STF,48772
2026-10-01,DABUR,2026-11-23,375.65,381.05,1250,STF,61555
2026-10-01,DABUR,2026-10-27,376.75,381.85,1250,STF,48827
2026-10-01,DABUR,2026-12-29,377.50,385.15,1250,STF,58946
2026-10-01,HDFCAMC,2026-11-23,2329.10,2309.50,300,STF,61581
2026-10-01,HDFCAMC,2026-10-27,2320.00,2301.60,300,STF,48861
2026-10-01,HDFCAMC,2026-12-29,2345.00,2338.90,300,STF,58978
2026-10-01,IOC,2026-12-29,133.34,135.40,4875,STF,59003
2026-10-01,IOC,2026-11-23,132.38,134.60,4875,STF,61612
2026-10-01,IOC,2026-10-27,132.10,134.12,4875,STF,48893
2026-10-01,ITC,2026-12-29,260.45,266.00,1725,STF,59005
2026-10-01,ITC,2026-11-23,258.85,265.05,1725,STF,61615
2026-10-01,ITC,2026-10-27,257.70,263.55,1725,STF,48896
2026-10-01,MAXHEALTH,2026-12-29,940.60,916.60,525,STF,59037
2026-10-01,MAXHEALTH,2026-10-27,940.65,919.90,525,STF,48929
2026-10-01,MAXHEALTH,2026-11-23,939.05,918.10,525,STF,61645
2026-10-01,OFSS,2026-11-23,10333.00,10352.00,100,STF,61667
2026-10-01,OFSS,2026-10-27,10442.00,10489.00,100,STF,48959
2026-10-01,OFSS,2026-12-29,10288.00,10561.00,100,STF,59058
2026-10-01,PIDILITIND,2026-11-23,1484.10,1482.60,500,STF,61680
2026-10-01,PIDILITIND,2026-10-27,1474.20,1479.20,500,STF,48972
2026-10-01,PIDILITIND,2026-12-29,1487.80,1503.60,500,STF,59083
2026-10-01,SBIN,2026-12-29,969.80,978.40,750,STF,59109
2026-10-01,SBIN,2026-10-27,959.00,967.20,750,STF,48994
2026-10-01,SBIN,2026-11-23,963.85,972.20,750,STF,61706
2026-10-01,360ONE,2026-11-23,1036.70,1040.00,500,STF,61474
2026-10-01,360ONE,2026-12-29,1044.50,1044.50,500,STF,58878
2026-10-01,360ONE,2026-10-27,1035.00,1036.80,500,STF,48706
2026-10-01,ADANIENT,2026-12-29,2860.10,2941.20,309,STF,58882
2026-10-01,ADANIENT,2026-10-27,2836.40,2902.50,309,STF,48711
2026-10-01,ADANIENT,2026-11-23,2848.80,2917.50,309,STF,61478
2026-10-01,JSWSTEEL,2026-12-29,1236.60,1291.30,675,STF,59009
2026-10-01,JSWSTEEL,2026-11-23,1245.00,1271.80,675,STF,61619
2026-10-01,JSWSTEEL,2026-10-27,1236.60,1265.80,675,STF,48900
2026-10-01,LICI,2026-12-29,393.50,404.25,1400,STF,59021
2026-10-01,LICI,2026-10-27,392.40,399.60,1400,STF,48916
2026-10-01,LICI,2026-11-23,394.55,401.85,1400,STF,61631
2026-10-01,MAHABANK,2026-10-27,80.99,80.27,6500,STF,61639
2026-10-01,MAHABANK,2026-11-23,81.37,80.60,6500,STF,61640
2026-10-01,MAHABANK,2026-12-29,81.31,80.34,6500,STF,59031
2026-10-01,POLICYBZR,2026-12-29,995.60,1071.60,350,STF,59088
2026-10-01,POLICYBZR,2026-10-27,985.60,1068.20,350,STF,48978
2026-10-01,POLICYBZR,2026-11-23,987.30,1070.80,350,STF,61686
2026-10-01,PREMIERENE,2026-12-29,873.70,883.00,650,STF,59092
2026-10-01,PREMIERENE,2026-11-23,870.90,879.00,650,STF,61692
2026-10-01,PREMIERENE,2026-10-27,875.90,878.60,650,STF,48982
2026-10-01,SAIL,2026-12-29,181.42,181.42,4700,STF,59106
2026-10-01,SAIL,2026-10-27,179.60,177.87,4700,STF,48989
2026-10-01,SAIL,2026-11-23,179.83,179.83,4700,STF,61702
2026-10-01,SUZLON,2026-11-23,39.37,39.79,12700,STF,61715
2026-10-01,SUZLON,2026-12-29,39.61,40.06,12700,STF,59119
2026-10-01,SUZLON,2026-10-27,39.12,39.57,12700,STF,49005
2026-10-01,UJJIVANSFB,2026-11-23,66.19,65.84,8000,STF,59141
2026-10-01,UJJIVANSFB,2026-10-27,65.90,67.55,8000,STF,59140
2026-10-01,UJJIVANSFB,2026-12-29,67.42,68.50,8000,STF,59142
2026-10-01,UPL,2026-11-23,523.40,541.35,1355,STF,61740
2026-10-01,UPL,2026-12-29,524.70,546.00,1355,STF,59148
2026-10-01,UPL,2026-10-27,520.65,539.20,1355,STF,49027
2026-10-01,VEDL,2026-11-23,252.80,258.75,1150,STF,61742
2026-10-01,VEDL,2026-12-29,253.15,260.10,1150,STF,59150
2026-10-01,VEDL,2026-10-27,251.45,257.75,1150,STF,49029
2026-10-01,ASIANPAINT,2026-11-23,2408.60,2410.90,250,STF,61489
2026-10-01,ASIANPAINT,2026-12-29,2417.80,2446.70,250,STF,58896
2026-10-01,ASIANPAINT,2026-10-27,2398.80,2404.60,250,STF,48732
2026-10-01,BRITANNIA,2026-10-27,4771.60,4810.50,125,STF,48775
2026-10-01,BRITANNIA,2026-12-29,4795.00,4863.00,125,STF,58929
2026-10-01,BRITANNIA,2026-11-23,4791.40,4839.00,125,STF,61524
2026-10-01,GRASIM,2026-11-23,2991.20,3078.30,250,STF,61575
2026-10-01,GRASIM,2026-10-27,2979.90,3068.00,250,STF,48855
2026-10-01,GRASIM,2026-12-29,3011.80,3124.80,250,STF,58973
2026-10-01,HDFCLIFE,2026-11-23,539.70,521.65,1100,STF,61583
2026-10-01,HDFCLIFE,2026-12-29,542.70,525.00,1100,STF,58980
2026-10-01,HDFCLIFE,2026-10-27,537.50,519.45,1100,STF,48865
2026-10-01,ICICIBANK,2026-11-23,1325.20,1336.30,700,STF,61595
2026-10-01,ICICIBANK,2026-10-27,1318.80,1329.00,700,STF,48874
2026-10-01,ICICIBANK,2026-12-29,1335.70,1344.00,700,STF,58989
2026-10-01,ICICIGI,2026-11-23,1574.10,1579.40,325,STF,61596
2026-10-01,ICICIGI,2026-10-27,1568.80,1573.60,325,STF,48875
2026-10-01,ICICIGI,2026-12-29,1573.00,1582.00,325,STF,58990
2026-10-01,INFY,2026-11-23,1040.25,1006.90,400,STF,61608
2026-10-01,INFY,2026-10-27,1038.20,1002.60,400,STF,48886
2026-10-01,INFY,2026-12-29,1044.90,1011.70,400,STF,59001
2026-10-01,KFINTECH,2026-12-29,801.00,825.00,575,STF,59014
2026-10-01,KFINTECH,2026-10-27,822.15,832.85,575,STF,48905
2026-10-01,KFINTECH,2026-11-23,810.10,824.40,575,STF,61626
2026-10-01,MARUTI,2026-12-29,11556.00,12110.00,50,STF,59036
2026-10-01,MARUTI,2026-10-27,11415.00,11981.00,50,STF,48928
2026-10-01,MARUTI,2026-11-23,11479.00,12042.00,50,STF,61644
2026-10-01,MUTHOOTFIN,2026-11-23,2718.90,2780.10,275,STF,61654
2026-10-01,MUTHOOTFIN,2026-10-27,2703.80,2759.40,275,STF,48942
2026-10-01,MUTHOOTFIN,2026-12-29,2727.00,2800.00,275,STF,59044
2026-10-01,PFC,2026-12-29,318.75,329.75,1300,STF,59080
2026-10-01,PFC,2026-11-23,319.00,329.50,1300,STF,61677
2026-10-01,PFC,2026-10-27,317.95,328.55,1300,STF,48969
2026-10-01,SUNPHARMA,2026-11-23,1821.60,1839.70,350,STF,61713
2026-10-01,SUNPHARMA,2026-10-27,1812.90,1831.90,350,STF,49003
2026-10-01,SUNPHARMA,2026-12-29,1832.70,1892.70,350,STF,59116
2026-10-01,SUPREMEIND,2026-11-23,3390.20,3467.40,175,STF,61714
2026-10-01,SUPREMEIND,2026-12-29,3409.10,3497.00,175,STF,59118
2026-10-01,SUPREMEIND,2026-10-27,3384.60,3466.00,175,STF,49004
2026-10-01,UNOMINDA,2026-12-29,1175.70,1175.70,550,STF,59147
2026-10-01,UNOMINDA,2026-11-23,1113.10,1171.30,550,STF,61739
2026-10-01,UNOMINDA,2026-10-27,1113.40,1170.20,550,STF,49026
2026-10-01,COFORGE,2026-10-27,1830.90,1766.80,475,STF,48800
2026-10-01,COFORGE,2026-12-29,1841.80,1779.00,475,STF,58940
2026-10-01,COFORGE,2026-11-23,1836.00,1773.70,475,STF,61542
2026-10-01,GAIL,2026-10-27,171.33,172.26,3550,STF,48847
2026-10-01,GAIL,2026-12-29,171.67,173.69,3550,STF,58963
2026-10-01,GAIL,2026-11-23,172.34,173.60,3550,STF,61569
2026-10-01,HAVELLS,2026-11-23,1042.70,1021.80,500,STF,61579
2026-10-01,HAVELLS,2026-10-27,1045.00,1022.70,500,STF,48859
2026-10-01,HAVELLS,2026-12-29,1045.20,1024.20,500,STF,58976
2026-10-01,HDFCBANK,2026-12-29,731.20,723.80,650,STF,58979
2026-10-01,HDFCBANK,2026-11-23,726.60,718.80,650,STF,61582
2026-10-01,HDFCBANK,2026-10-27,723.00,715.55,650,STF,48864
2026-10-01,HEROMOTOCO,2026-12-29,5249.50,5330.00,150,STF,58981
2026-10-01,HEROMOTOCO,2026-11-23,5228.00,5301.00,150,STF,61584
2026-10-01,HEROMOTOCO,2026-10-27,5207.00,5280.00,150,STF,48866
2026-10-01,MANKIND,2026-12-29,2504.00,2504.00,250,STF,59033
2026-10-01,MANKIND,2026-10-27,2514.30,2502.30,250,STF,48926
2026-10-01,MANKIND,2026-11-23,2514.10,2500.20,250,STF,61642
2026-10-01,MAZDOCK,2026-11-23,2060.50,2108.10,225,STF,61648
2026-10-01,MAZDOCK,2026-12-29,2063.20,2110.20,225,STF,59038
2026-10-01,MAZDOCK,2026-10-27,2065.20,2114.10,225,STF,48936
2026-10-01,MCX,2026-11-23,3235.90,3351.60,225,STF,61649
2026-10-01,MCX,2026-12-29,3245.90,3355.20,225,STF,59039
2026-10-01,MCX,2026-10-27,3218.30,3336.20,225,STF,48937
2026-10-01,PETRONET,2026-10-27,286.30,286.95,1900,STF,48968
2026-10-01,PETRONET,2026-12-29,287.20,287.20,1900,STF,59079
2026-10-01,PETRONET,2026-11-23,285.30,287.10,1900,STF,61676
2026-10-01,SIEMENS,2026-12-29,3765.20,3765.20,175,STF,59112
2026-10-01,SIEMENS,2026-10-27,3782.50,3731.70,175,STF,48999
2026-10-01,SIEMENS,2026-11-23,3760.40,3721.80,175,STF,61709
2026-10-01,UNITDSPR,2026-11-23,1352.30,1362.00,400,STF,61738
2026-10-01,UNITDSPR,2026-10-27,1345.30,1352.70,400,STF,49025
2026-10-01,UNITDSPR,2026-12-29,1355.00,1371.50,400,STF,59146
2026-10-01,AMBER,2026-12-29,6527.00,6766.50,100,STF,58887
2026-10-01,AMBER,2026-10-27,6493.50,6713.50,100,STF,48723
2026-10-01,AMBER,2026-11-23,6510.00,6730.50,100,STF,61483
2026-10-01,BAJFINANCE,2026-12-29,962.85,976.40,750,STF,58916
2026-10-01,BAJFINANCE,2026-11-23,960.50,970.50,750,STF,61507
2026-10-01,BAJFINANCE,2026-10-27,954.75,965.80,750,STF,48740
2026-10-01,CANBK,2026-12-29,120.12,121.75,6750,STF,58932
2026-10-01,CANBK,2026-11-23,119.02,121.09,6750,STF,61527
2026-10-01,CANBK,2026-10-27,118.37,120.50,6750,STF,48778
2026-10-01,DMART,2026-11-23,3841.80,3846.40,150,STF,61562
2026-10-01,DMART,2026-10-27,3838.80,3836.40,150,STF,48834
2026-10-01,DMART,2026-12-29,3860.00,3832.00,150,STF,58951
2026-10-01,HINDZINC,2026-11-23,561.10,569.25,1225,STF,61592
2026-10-01,HINDZINC,2026-12-29,562.20,571.80,1225,STF,58987
2026-10-01,HINDZINC,2026-10-27,558.15,566.25,1225,STF,48870
2026-10-01,IREDA,2026-11-23,103.83,106.25,4525,STF,61613
2026-10-01,IREDA,2026-10-27,106.79,108.86,4525,STF,48894
2026-10-01,LICHSGFIN,2026-10-27,512.00,536.65,1000,STF,48915
2026-10-01,LICHSGFIN,2026-12-29,517.30,541.05,1000,STF,59018
2026-10-01,LICHSGFIN,2026-11-23,514.05,538.65,1000,STF,61630
2026-10-01,LTM,2026-10-27,3999.50,3986.50,150,STF,48922
2026-10-01,LTM,2026-11-23,3920.90,3905.10,150,STF,61635
2026-10-01,LTM,2026-12-29,3885.00,3896.00,150,STF,59028
2026-10-01,LUPIN,2026-12-29,2044.90,2074.00,425,STF,59029
2026-10-01,LUPIN,2026-11-23,2044.00,2059.00,425,STF,61636
2026-10-01,LUPIN,2026-10-27,2031.80,2047.00,425,STF,48923
2026-10-01,RADICO,2026-11-23,4291.90,4459.80,150,STF,61694
2026-10-01,RADICO,2026-12-29,4291.20,4550.00,150,STF,59094
2026-10-01,RADICO,2026-10-27,4266.10,4410.20,150,STF,48984
2026-10-01,RVNL,2026-10-27,196.77,202.23,1925,STF,48988
2026-10-01,RVNL,2026-12-29,196.26,201.60,1925,STF,59098
2026-10-01,RVNL,2026-11-23,196.40,201.90,1925,STF,61698
2026-10-01,SHRIRAMFIN,2026-10-27,946.90,985.00,825,STF,48998
2026-10-01,SHRIRAMFIN,2026-12-29,952.85,989.00,825,STF,59111
2026-10-01,SHRIRAMFIN,2026-11-23,948.25,985.20,825,STF,61708
2026-10-01,TMPV,2026-11-23,280.60,284.90,1600,STF,61730
2026-10-01,TMPV,2026-10-27,279.20,283.55,1600,STF,49019
2026-10-01,TMPV,2026-12-29,282.70,286.50,1600,STF,59136
2026-10-01,ANGELONE,2026-10-27,276.30,276.10,2500,STF,48726
2026-10-01,ANGELONE,2026-11-23,277.35,277.00,2500,STF,61485
2026-10-01,ANGELONE,2026-12-29,277.85,277.85,2500,STF,58892
2026-10-01,AUBANK,2026-10-27,992.90,1011.60,1000,STF,48734
2026-10-01,AUBANK,2026-11-23,998.40,1017.00,1000,STF,61502
2026-10-01,AUBANK,2026-12-29,1018.70,1020.10,1000,STF,58907
2026-10-01,BANDHANBNK,2026-12-29,176.86,181.53,3600,STF,58917
2026-10-01,BANDHANBNK,2026-11-23,176.85,180.29,3600,STF,61508
2026-10-01,BANDHANBNK,2026-10-27,175.86,179.13,3600,STF,48741
2026-10-01,CAMS,2026-10-27,676.20,676.85,825,STF,48777
2026-10-01,CAMS,2026-11-23,679.00,677.35,825,STF,61526
2026-10-01,CAMS,2026-12-29,679.00,683.15,825,STF,58931
2026-10-01,ENRIN,2026-11-23,3342.40,3236.00,175,STF,58957
2026-10-01,ENRIN,2026-12-29,3346.60,3258.30,175,STF,58958
2026-10-01,ENRIN,2026-10-27,3353.10,3237.70,175,STF,58955
2026-10-01,HINDALCO,2026-11-23,947.25,956.10,700,STF,61585
2026-10-01,HINDALCO,2026-10-27,942.30,949.80,700,STF,48867
2026-10-01,HINDALCO,2026-12-29,951.10,960.40,700,STF,58982
2026-10-01,HYUNDAI,2026-12-29,2017.00,2000.00,275,STF,58988
2026-10-01,HYUNDAI,2026-11-23,2015.30,2006.10,275,STF,61594
2026-10-01,HYUNDAI,2026-10-27,2033.40,2028.00,275,STF,48871
2026-10-01,IRFC,2026-11-23,74.80,76.94,5425,STF,61614
2026-10-01,IRFC,2026-10-27,75.98,77.92,5425,STF,48895
2026-10-01,IRFC,2026-12-29,74.74,76.52,5425,STF,59004
2026-10-01,NAUKRI,2026-11-23,1204.80,1220.20,550,STF,61657
2026-10-01,NAUKRI,2026-10-27,1203.70,1220.70,550,STF,48945
2026-10-01,NAUKRI,2026-12-29,1210.00,1234.00,550,STF,59048
2026-10-01,RECLTD,2026-12-29,287.20,296.80,1575,STF,59096
2026-10-01,RECLTD,2026-11-23,287.00,296.45,1575,STF,61696
2026-10-01,RECLTD,2026-10-27,288.45,297.55,1575,STF,48986
2026-10-01,SBICARD,2026-11-23,567.05,584.55,800,STF,61704
2026-10-01,SBICARD,2026-12-29,568.85,585.20,800,STF,59107
2026-10-01,SBICARD,2026-10-27,565.10,582.60,800,STF,48992
2026-10-01,TORNTPHARM,2026-12-29,4910.00,4910.00,125,STF,59137
2026-10-01,TORNTPHARM,2026-11-23,4834.40,4852.50,125,STF,61731
2026-10-01,TORNTPHARM,2026-10-27,4802.90,4832.00,125,STF,49020
2026-10-01,VBL,2026-12-29,429.15,436.00,1275,STF,59149
2026-10-01,VBL,2026-11-23,427.00,434.75,1275,STF,61741
2026-10-01,VBL,2026-10-27,425.00,432.25,1275,STF,49028
2026-10-01,WAAREEENER,2026-10-27,2350.40,2376.90,175,STF,49032
2026-10-01,WAAREEENER,2026-11-23,2346.60,2372.00,175,STF,61745
2026-10-01,WAAREEENER,2026-12-29,2352.20,2370.00,175,STF,59153
